index,symbol,system,side,signal_type,entry_date,entry_price,stop_price,score_key,score,score_rank,score_rank_total,reason,atr10,atr20,atr40,atr50
0,ADM,system4,long,buy,2025-10-21,63.19,60.46,rsi4,66.23,,,SPY上昇局面の押し目候補のため,,1.7,1.55,
1,SPY,system4,long,buy,2025-10-21,671.3,659.075,rsi4,68.31,,,SPY上昇局面の押し目候補のため,,6.96,6.58,
2,ABBV,system4,long,buy,2025-10-21,232.06,225.595,rsi4,69.06,,,SPY上昇局面の押し目候補のため,,4.38,4.37,
3,ACM,system4,long,buy,2025-10-21,133.65,129.495,rsi4,69.94,,,SPY上昇局面の押し目候補のため,,2.59,2.42,
4,ADI,system4,long,buy,2025-10-21,246.22,236.845,rsi4,77.02,,,SPY上昇局面の押し目候補のため,,5.96,5.85,
5,A,system4,long,buy,2025-10-21,143.0,137.855,rsi4,80.42,,,SPY上昇局面の押し目候補のため,,3.31,3.23,
6,AAPL,system4,long,buy,2025-10-21,262.24,253.81,rsi4,82.16,,,SPY上昇局面の押し目候補のため,,5.18,5.04,
